.y.,group1,group2,n1,n2,statistic,p,p.adj,p.adj.signif
result,500ppm FY,50ppm FN,15,15,-1.2126834264952149,0.22525087873405655,1,ns
result,500ppm FY,50ppm FY,15,15,-1.400858440951369,0.16125640853334094,0.9675384512000457,ns
result,500ppm FY,5ppm FY,15,15,-3.512600269848208,4.437445310194519e-4,0.0026624671861167114,**
result,50ppm FN,50ppm FY,15,15,-0.1881750144561539,0.8507394581700686,1,ns
result,50ppm FN,5ppm FY,15,15,-2.2999168433529933,0.021452931656860547,0.12871758994116328,ns
result,50ppm FY,5ppm FY,15,15,-2.1117418288968395,0.03470859917103207,0.20825159502619242,ns
